Email (*),Contact Name,Company
sekaiisanwalking@gmail.com,,Summarization AI
firefox@betterttv.net,,Summarization AI
git@hf.co,,Dream 7B
support@microagents.io,,Microagents (Beta)
hello@stupidnotes.com,,Stupid Notes
contact@blocksurvey.org,,Checklist GG
contact@checklist.gg,,Checklist GG
u003econtact@checklist.gg,,Checklist GG
hello@keplerco.io,,Role Wizard
support@keplerco.io,,Role Wizard
info@keplerco.io,,Role Wizard
hello@thehyvv.com,,Hyvv Research Manager
605a7baede844d278b89dc95ae0a9123@sentry-next.wixpress.com,,Hyvv Research Manager
88170cb0c9d64f94b5821ca7fd2d55a4@sentry-next.wixpress.com,,Hyvv Research Manager
baf30a2b91654c5a840931f0137bed30@sentry.wixpress.com,,Hyvv Research Manager
0e6a29e4756740a8a63493e912ba2174@sentry.wixpress.com,,Hyvv Research Manager
9a65e97ebe8141fca0c4fd686f70996b@sentry.wixpress.com,,Hyvv Research Manager
ed436f5053144538958ad06a5005e99a@sentry.wixpress.com,,Hyvv Research Manager
271e9fa3230b4eec94b02bf95780f5f2@sentry.wixpress.com,,Hyvv Research Manager
460ff4620fa44cba8df530afde949785@sentry.wixpress.com,,Hyvv Research Manager
78f7996315bc402f9dcb8a2f974b82d1@sentry.wixpress.com,,Hyvv Research Manager
2062d0a4929b45348643784b5cb39c36@sentry.wixpress.com,,Hyvv Research Manager
8eb368c655b84e029ed79ad7a5c1718e@sentry.wixpress.com,,Hyvv Research Manager
shirosh@thehyvv.com,,Hyvv Research Manager
alex@thehyvv.com,,Hyvv Research Manager
hello@painpointfinder.com,,PainPointFinder
hola@painpointfinder.com,,PainPointFinder
info@fluxyai.com,,Fluxy AI
hello@duetmail.com,,Duet Mail
support@duetmail.com,,Duet Mail
support@fuzzybearstudios.com,,Pixel Creator
a@justonedev.co,,HypeDesk Buddy
contact@vestra.ai,,Consta
hello@utmtrackly.com,,UTMtrackly
support@quekey.com,,QueKey
privacy@quekey.com,,QueKey
michael@andreuzza.com,,Studiomax
michael@andreuzza.comm,,Studiomax
michael@lexingtonthemes.com,,Studiomax
hello@youstylize.com,,YouStylize
afriyiesamuel36@gmail.com,,PostPilo
contact@supportmatic.co,,SupportMatic
asterismsoftware.com@gmail.com,,SupportMatic
support@soofte.com,,Soofte
sales@washingtonoutfits.com,,MobLand 2025 Tom Hardy Black Jacket
sales@washingtonoutfit.com,,MobLand 2025 Tom Hardy Black Jacket
language.lantern.app@gmail.com,,Language Lantern
ripstik007@gmail.com,,Language Lantern
support@michelthomas.com,,Language Lantern
support@ling-app.com,,Language Lantern
u003esupport@legentibus.com,,Language Lantern
asxvmprobertest@gmail.com,,Language Lantern
smart.journey.prober@gmail.com,,Language Lantern
info@izanami.dev,,izanami
support@tabify.dev,,Tabify
info@2048cupcake.online,,Play 2048 Cupcakes Online
nhi@byat.cn,,SMSCat
nlinebreak@byat.cn,,SMSCat
ndotly@byat.cn,,SMSCat
scanner_2018@163.com,,SMSCat
hi@byat.cn,,SMSCat
b2b4fd03e1c94c17bdfee04f4001d617@internal-api-sentry.feishu.cn,,SMSCat
f60ebb5d980b4795ad10d8ca7259dc0e@internal-api-sentry.feishu.cn,,SMSCat
ccm.docs.base@doc.url.optional,,SMSCat
javainstalling@gmail.com,,You2MP4
terms@you2mp4.com,,You2MP4
user@domain.com,,AibenIQ
contact@railway.app,,Lily
support@railway.app,,Lily
info@urka.ca,,TradesPool
driftbossonline@gmail.com,,Drift Boss Unblocked Games
support@terratrade.app,,TerraTrade
zh.milo@hotmail.com,,QWQ AI Assistant
marcosomma.work@gmail.com,,OrKa - Orchestrator Kit for Agentic
legal@python.org,,OrKa - Orchestrator Kit for Agentic
support@convoanalyzer.com,,WhatsApp Chat Analyzer
contact@mysextoyguide.com,,My Sex Toy Guide
support@mysexguide.com,,My Sex Toy Guide
coincaperrecovery@mail.com,,Coincapher Recovery
CoinCaperRecovery@mail.com,,Coincapher Recovery
support@asri.com,,Coincapher Recovery
hello@asri.us,,Coincapher Recovery
support@mentalportrait.com,,Mental Portrait
contact@talkvee.com,,Talkvee
contact@Talkvee.com,,Talkvee
Contact@talkvee.com,,Talkvee
akashmoorching@startupshell.org,,Saved
privacy@chatpdf.com,,Gemi Chat PDF
terms@chatpdf.com,,Gemi Chat PDF
micaelbh@gmail.com,,Chord Finder from Audio App
anunciosmicael@gmail.com,,Chord Finder from Audio App
support@cuplet.co.uk,,Moonshot: IPO Calendar & Memes
turboreadspeedreadingapp@gmail.com,,TurboRead
info@neurasix.com,,Neurasix
info@website.com,,Neurasix
support@llg-ai.com,,LLG
raduan.muarrek@hakutaku.com.br,,Hakutaku
vinicios.lugli@hakutaku.com.br,,Hakutaku
patrick.miranda@hakutaku.com.br,,Hakutaku
contato@hakutaku.com.br,,Hakutaku
longmaba@gmail.com,,Kairofocus
info@kieng.io.vn,,Kairofocus
info@tickable.nl,,Tickable
ia.school.app@gmail.com,,SMSimple-API
support@oneclickconvertor.com,,OneClickConvertor
mattelab.research@gmail.com,,Sharkshimi [Crypto Arbitrage Tool]
hello@synceri.com,,Online Yearly Planner
contact@synceri.com,,Online Yearly Planner
support@synceri.com,,Online Yearly Planner
help@synceri.com,,Online Yearly Planner
humanloop@filemarket.ai,,FileMarket AI
contact@tattoovisualizer.com,,Tattoo Visualizer
support@tattoovisualizer.com,,Tattoo Visualizer
contact@skoatch.com,,"Skoatch, your AI-powered Web editor"
contact@digitalocean.com,,"Skoatch, your AI-powered Web editor"
contact@Skoatch.com,,"Skoatch, your AI-powered Web editor"
team@thequizmaster.io,,Reveal Together
support@revealtogether.com,,Reveal Together
contact@urwatools.com,,Online Keyboard Tester
info@urwatools.com,,Online Keyboard Tester
princechirag4321@gmail.com,,KidSmart English
developer.shivoham@gmail.com,,KidSmart English
contact@ritokids.com,,KidSmart English
support@shadyside.app,,ShadySide
mycalorypro@gmail.com,,MyCalory AI - Calorie Counter
danielowenderefaka@gmail.com,,Leado AI
legal@leadoai.com,,Leado AI
ishamiul084@gmail.com,,wpseobd
Hello@thebotmode.com,,The Botmode
workexample@gmail.com,,The Botmode
support@thebotmode.com,,The Botmode
support@siops.app,,SIOPS - Site monitoring & alarms
support@testgenerator.app,,testgenerator.app
info@bambukid.com,,Bambu: Bedtime Stories & Books
shibinsj2000@gmail.com,,Pet Recipe AI
contact@aiostream.com,,AIOStream
staff.ydmhtj@service.netease.com,,Clear
support@abusereport.com,,AbuseReport
info@abusereport.com,,AbuseReport
hello@touch2see.fr,,Touch2See
support@articaprints.com,,Artica Prints
contact@stationscarburants.fr,,Stations Carburants
john@doe.com,,AiPply
tanmaygarg01@gmail.com,,AiPply
contact@floweo.org,,Floweo
xxxxxxx@gmail.com,,Yummunity (BETA Version)
contact@paruidev.com,,Yummunity (BETA Version)
support@dewatermark.ai,,Kitlayer
u003esupport@dewatermark.ai,,Kitlayer
dewatermark@gmail.com,,Kitlayer
support@pixelbin.io,,Kitlayer
4542bf86458341dd893612891ac8ded8@o71740.ingest.us.sentry.io,,Kitlayer
sales@com.bot,,Ticketz.Bot
hi@gumroad.com,,Notion Second Brain Life Planner
support@gumroad.com,,Notion Second Brain Life Planner
amikhaylin@icloud.com,,PomPadDo
support@databasemart.com,,VPS Hosting
admin@databasemart.com,,VPS Hosting
billing@databasemart.com,,VPS Hosting
sales@databasemart.com,,VPS Hosting
admin@cloudclusters.io,,VPS Hosting
abuse@cloudclusters.io,,VPS Hosting
worklerrteam@gmail.com,,productburst
support@iwyvern.com,,iWyvern
admin@dillenhub1233.shop,,單字超人
dillen99999999@gmail.com,,單字超人
support@readle-app.com,,單字超人
englishstories@hellotalk.com,,單字超人
support@riiid.co,,單字超人
eup.mobi@gmail.com,,單字超人
int_services@ipalfish.com,,單字超人
support@moonbitlang.com,,MoonBit
support@getafreeflight.com,,GetAFreeFlight.com
contact@gradding.com,,Gradding
u003econtact@gradding.com,,Gradding
contact@graddinghomes.com,,Gradding
u003econtact@graddinghomes.com,,Gradding
support@drpenpl.com,,Pen Official Website Polska
support@drpen.com,,Pen Official Website Polska
home@smartnestor.com,,Pet Care Assistant
support@smartnestor.com,,Pet Care Assistant
contact@mysite.com,,LinkEmpire
hello@linkempire.io,,LinkEmpire
oun@linkempire.io,,LinkEmpire
support@taskscalendar.com,,TasksCalendar.com
support@trendingtagspro.com,,TrendingTagsPro
support@pantheon.international,,ODIN
privacy@odin.pantheon.tech,,ODIN
support@imgcompressorai.com,,Trim Img
support@hyperapp.cloud,,Hyper App
info@hyperapp.cloud,,Hyper App
support@gosoftwarebuy.com,,Gosoftware
cat@ai-go.ru,,ai-go.ru
support@codex4.com,,Codex4: Learn Vocabulary Easily
emailmymp@gmail.com,,EmailMyMp
support@irocketx.com,,iRocket iCreaVoice
aicheckerpro@gmail.com,,aichecker
support@palattic.com,,Palattic
Abba4game@gmail.com,,Private bookmark locker
